
<workflow-app name="sqoop_mySql" xmlns="uri:oozie:workflow:0.4">
    <start to="sqoopMysql"/>
    <action name="sqoopMysql" cred="">
        <sqoop xmlns="uri:oozie:sqoop-action:0.2">
            <job-tracker>${jobTracker}</job-tracker>
            <name-node>${nameNode}</name-node>
            <prepare>
                  <delete path="${nameNode}/user/dev/carsJeff"/>
            </prepare>
            <configuration>
                <property>
                    <name>cs</name>
                    <value>jdbc:mysql://azh7-4.ent.cloudera.com/scm</value>
                </property>
            </configuration>
              <arg>import</arg>
              <arg>--connect</arg>
              <arg>${cs}</arg>
              <arg>--username</arg>
              <arg>cloudera-scm</arg>
              <arg>--password</arg>
              <arg>cloudera-scm</arg>
              <arg>--table</arg>
              <arg>cars</arg>
              <arg>--target-dir</arg>
              <arg>/user/dev/carsJeff</arg>
              <arg>-m</arg>
              <arg>2</arg>
              <arg>--as-avrodatafile</arg>
              <arg>--compress</arg>
              <arg>--compression-codec</arg>
              <arg>org.apache.hadoop.io.compress.SnappyCodec</arg>
        </sqoop>
        <ok to="NotifyAzhar"/>
        <error to="NotifyError"/>
    </action>
    <action name="NotifyAzhar" cred="">
        <email xmlns="uri:oozie:email-action:0.1">
            <to>aabubacker@cloudera.com</to>
            <subject>I am so glad this job finished.</subject>
            <body>Thank you for your help
-your clown buddy</body>
        </email>
        <ok to="NotifyError"/>
        <error to="kill"/>
    </action>
    <action name="NotifyError" cred="">
        <email xmlns="uri:oozie:email-action:0.1">
            <to>aabubacker@cloudera.com</to>
            <subject>Your job has failed</subject>
            <body>Sorry your job has failed.
Please try again.</body>
        </email>
        <ok to="end"/>
        <error to="kill"/>
    </action>
    <kill name="kill">
        <message>Action failed, error message[${wf:errorMessage(wf:lastErrorNode())}]</message>
    </kill>
    <end name="end"/>
</workflow-app>
