
<workflow-app name="create_hive_table" xmlns="uri:oozie:workflow:0.4">
    <start to="CreateHiveTable"/>
    <action name="CreateHiveTable" cred="">
        <hive xmlns="uri:oozie:hive-action:0.2">
            <job-tracker>${jobTracker}</job-tracker>
            <name-node>${nameNode}</name-node>
            <configuration>
                <property>
                    <name>oozie.action.sharelib.for.hive</name>
                    <value>hive2</value>
                </property>
                <property>
                    <name>oozie.launcher.action.main.class</name>
                    <value>org.apache.oozie.action.hadoop.Hive2Main</value>
                </property>
            </configuration>
            <script>/user/dev/createcars2.hql</script>
              <param>connectURL=${connectURL}</param>
              <param>tableName=${table_name}</param>
        </hive>
        <ok to="end"/>
        <error to="kill"/>
    </action>
    <kill name="kill">
        <message>Action failed, error message[${wf:errorMessage(wf:lastErrorNode())}]</message>
    </kill>
    <end name="end"/>
</workflow-app>
