
<workflow-app name="get_schema" xmlns="uri:oozie:workflow:0.4">
    <start to="commonenv"/>
    <action name="commonenv" cred="">
        <shell xmlns="uri:oozie:shell-action:0.1">
            <job-tracker>${jobTracker}</job-tracker>
            <name-node>${nameNode}</name-node>
            <exec>common_env.sh</exec>
            <file>/user/dev/common_env.sh#common_env.sh</file>
              <capture-output/>
        </shell>
        <ok to="getschema"/>
        <error to="kill"/>
    </action>
    <action name="getschema" cred="">
        <shell xmlns="uri:oozie:shell-action:0.1">
            <job-tracker>${jobTracker}</job-tracker>
            <name-node>${nameNode}</name-node>
            <prepare>
                  <delete path="${nameNode}/user/dev/jeffTestData/meta/CARS.avsc"/>
                  <mkdir path="${nameNode}/user/dev/jeffTestData/meta/"/>
            </prepare>
            <exec>getschema.sh</exec>
              <argument>${wf:actionData(&#39;commonenv&#39;)[&#39;top_dir&#39;]}</argument>
              <argument>${wf:actionData(&#39;commonenv&#39;)[&#39;table_name&#39;]}</argument>
            <file>/user/dev/getschema.sh#getschema.sh</file>
            <archive>/user/dev/avro-tools.jar#avro-tools.jar</archive>
              <capture-output/>
        </shell>
        <ok to="end"/>
        <error to="kill"/>
    </action>
    <kill name="kill">
        <message>Action failed, error message[${wf:errorMessage(wf:lastErrorNode())}]</message>
    </kill>
    <end name="end"/>
</workflow-app>
