
<workflow-app name="sqoopMysql" xmlns="uri:oozie:workflow:0.4">
    <start to="sqoopMysql"/>
    <action name="sqoopMysql" cred="">
        <sqoop xmlns="uri:oozie:sqoop-action:0.2">
            <job-tracker>${jobTracker}</job-tracker>
            <name-node>${nameNode}</name-node>
            <prepare>
                  <delete path="${nameNode}/user/dev/carsJeff"/>
            </prepare>
            <configuration>
                <property>
                    <name>cs</name>
                    <value> jdbc:mysql://azh7-4.ent.cloudera.com/scm</value>
                </property>
            </configuration>
            <command>import --connect ${cs} ---username cloudera-scm --password cloudera-scm --table cars --split-by year --as-avrodatafile --compress --compression-codec org.apache.hadoop.io.compress.SnappyCodec --target-dir /user/dev/carsJeff -m 2</command>
        </sqoop>
        <ok to="end"/>
        <error to="kill"/>
    </action>
    <kill name="kill">
        <message>Action failed, error message[${wf:errorMessage(wf:lastErrorNode())}]</message>
    </kill>
    <end name="end"/>
</workflow-app>
