
<workflow-app name="DailyAppend" xmlns="uri:oozie:workflow:0.4">
    <start to="sourceEnvironmentVars"/>
    <action name="sourceEnvironmentVars" cred="">
        <shell xmlns="uri:oozie:shell-action:0.1">
            <job-tracker>${jobTracker}</job-tracker>
            <name-node>${nameNode}</name-node>
            <configuration>
                <property>
                    <name>table_name</name>
                    <value></value>
                </property>
            </configuration>
            <exec>common_env_azh.sh</exec>
              <argument>${table_name}</argument>
            <file>/user/dev/common_env_azh.sh#common_env_azh.sh</file>
              <capture-output/>
        </shell>
        <ok to="DropHiveStagingTable"/>
        <error to="kill"/>
    </action>
    <action name="DropHiveStagingTable" cred="">
        <hive xmlns="uri:oozie:hive-action:0.2">
            <job-tracker>${jobTracker}</job-tracker>
            <name-node>${nameNode}</name-node>
            <configuration>
                <property>
                    <name>oozie.action.sharelib.for.hive</name>
                    <value>hive2</value>
                </property>
                <property>
                    <name>oozie.launcher.action.main.class</name>
                    <value>org.apache.oozie.action.hadoop.Hive2Main</value>
                </property>
            </configuration>
            <script>/user/dev/DropTable.hql</script>
              <param>connectURL=${wf:actionData(&#39;sourceEnvironmentVars&#39;)[&#39;hive_connect_string&#39;]}</param>
              <param>table_name=${wf:actionData(&#39;sourceEnvironmentVars&#39;)[&#39;staging_table&#39;]}</param>
              <param>db_name=${wf:actionData(&#39;sourceEnvironmentVars&#39;)[&#39;db_name&#39;]}</param>
        </hive>
        <ok to="ExecuteSqoopJob"/>
        <error to="kill"/>
    </action>
    <action name="ExecuteSqoopJob" cred="">
        <sqoop xmlns="uri:oozie:sqoop-action:0.2">
            <job-tracker>${jobTracker}</job-tracker>
            <name-node>${nameNode}</name-node>
              <arg>job</arg>
              <arg>--meta-connect</arg>
              <arg>${wf:actionData(&#39;sourceEnvironmentVars&#39;)[&#39;sqoop_metastore&#39;]}</arg>
              <arg>--exec</arg>
              <arg>${wf:actionData(&#39;sourceEnvironmentVars&#39;)[&#39;job_name&#39;]}</arg>
        </sqoop>
        <ok to="StagingTableHiveDDL-Python"/>
        <error to="kill"/>
    </action>
    <action name="StagingTableHiveDDL-Python" cred="">
        <shell xmlns="uri:oozie:shell-action:0.1">
            <job-tracker>${jobTracker}</job-tracker>
            <name-node>${nameNode}</name-node>
            <exec>gen_create_tbl.py</exec>
              <argument>${wf:actionData(&#39;sourceEnvironmentVars&#39;)[&#39;staging_table&#39;]}</argument>
              <argument>${wf:actionData(&#39;sourceEnvironmentVars&#39;)[&#39;staging_dir&#39;]}/${table_name}</argument>
              <argument>${wf:actionData(&#39;sourceEnvironmentVars&#39;)[&#39;metadata_dir&#39;]}/${wf:actionData(&#39;sourceEnvironmentVars&#39;)[&#39;schema_name&#39;]}</argument>
            <file>/user/dev/gen_create_tbl.py#gen_create_tbl.py</file>
              <capture-output/>
        </shell>
        <ok to="CreateHiveStagingTable"/>
        <error to="kill"/>
    </action>
    <action name="CreateHiveStagingTable" cred="">
        <hive xmlns="uri:oozie:hive-action:0.2">
            <job-tracker>${jobTracker}</job-tracker>
            <name-node>${nameNode}</name-node>
            <configuration>
                <property>
                    <name>oozie.action.sharelib.for.hive</name>
                    <value>hive2</value>
                </property>
                <property>
                    <name>oozie.launcher.action.main.class</name>
                    <value>org.apache.oozie.action.hadoop.Hive2Main</value>
                </property>
            </configuration>
            <script>/user/dev/hiveString.hql</script>
              <param>connectURL=${wf:actionData(&#39;sourceEnvironmentVars&#39;)[&#39;hive_connect_string&#39;]}</param>
              <param>TBL_STR=${wf:actionData(&#39;StagingTableHiveDDL-Python&#39;)[&#39;TBL_STR&#39;]}</param>
        </hive>
        <ok to="AppendPartitionTable"/>
        <error to="kill"/>
    </action>
    <action name="AppendPartitionTable" cred="">
        <hive xmlns="uri:oozie:hive-action:0.2">
            <job-tracker>${jobTracker}</job-tracker>
            <name-node>${nameNode}</name-node>
            <configuration>
                <property>
                    <name>oozie.action.sharelib.for.hive</name>
                    <value>hive2</value>
                </property>
                <property>
                    <name>oozie.launcher.action.main.class</name>
                    <value>org.apache.oozie.action.hadoop.Hive2Main</value>
                </property>
            </configuration>
            <script>/user/dev/AppendPartitionTable.hql</script>
              <param>connectURL=${wf:actionData(&#39;sourceEnvironmentVars&#39;)[&#39;hive_connect_string&#39;]}</param>
              <param>staging_table=${wf:actionData(&#39;sourceEnvironmentVars&#39;)[&#39;staging_table&#39;]}</param>
              <param>partitioned_table=${wf:actionData(&#39;sourceEnvironmentVars&#39;)[&#39;partitioned_table&#39;]}</param>
              <param>partition_column=${wf:actionData(&#39;sourceEnvironmentVars&#39;)[&#39;partition_column&#39;]}</param>
              <param>db_name=${wf:actionData(&#39;sourceEnvironmentVars&#39;)[&#39;db_name&#39;]}</param>
        </hive>
        <ok to="end"/>
        <error to="kill"/>
    </action>
    <kill name="kill">
        <message>Action failed, error message[${wf:errorMessage(wf:lastErrorNode())}]</message>
    </kill>
    <end name="end"/>
</workflow-app>
