
<workflow-app name="sqoop_full_table" xmlns="uri:oozie:workflow:0.4">
    <start to="SourceEnvironmentVars"/>
    <action name="SourceEnvironmentVars" cred="">
        <shell xmlns="uri:oozie:shell-action:0.1">
            <job-tracker>${jobTracker}</job-tracker>
            <name-node>${nameNode}</name-node>
            <exec>common_env.sh</exec>
            <file>/user/dev/scripts/common_env.sh#common_env.sh</file>
              <capture-output/>
        </shell>
        <ok to="CleanDirectories"/>
        <error to="killemail"/>
    </action>
    <action name="CleanDirectories" cred="">
        <fs>
              <delete path='${nameNode}/${wf:actionData(&#39;SourceEnvironmentVars&#39;)[&#39;top_dir&#39;]}/${wf:actionData(&#39;SourceEnvironmentVars&#39;)[&#39;table_name&#39;]}/'/>
              <delete path='${nameNode}/${wf:actionData(&#39;SourceEnvironmentVars&#39;)[&#39;staging_dir&#39;]}'/>
              <delete path='${nameNode}/${wf:actionData(&#39;SourceEnvironmentVars&#39;)[&#39;metadata_dir&#39;]}'/>
        </fs>
        <ok to="SqoopFullTable"/>
        <error to="killemail"/>
    </action>
    <action name="SqoopFullTable" cred="">
        <sqoop xmlns="uri:oozie:sqoop-action:0.2">
            <job-tracker>${jobTracker}</job-tracker>
            <name-node>${nameNode}</name-node>
              <arg>import</arg>
              <arg>--connect</arg>
              <arg>${wf:actionData(&#39;SourceEnvironmentVars&#39;)[&#39;connect_string&#39;]}</arg>
              <arg>--username</arg>
              <arg>cloudera-scm</arg>
              <arg>--password</arg>
              <arg>cloudera-scm</arg>
              <arg>--table</arg>
              <arg>${wf:actionData(&#39;SourceEnvironmentVars&#39;)[&#39;table_name&#39;]}</arg>
              <arg>--target-dir</arg>
              <arg>${wf:actionData(&#39;SourceEnvironmentVars&#39;)[&#39;staging_dir&#39;]}/${wf:actionData(&#39;SourceEnvironmentVars&#39;)[&#39;table_name&#39;]}</arg>
              <arg>--as-avrodatafile</arg>
        </sqoop>
        <ok to="RetrieveSchema"/>
        <error to="killemail"/>
    </action>
    <action name="RetrieveSchema" cred="">
        <shell xmlns="uri:oozie:shell-action:0.1">
            <job-tracker>${jobTracker}</job-tracker>
            <name-node>${nameNode}</name-node>
            <prepare>
                  <mkdir path="${wf:actionData(&#39;SourceEnvironmentVars&#39;)[&#39;metadata_dir&#39;]}"/>
            </prepare>
            <exec>getSchema.sh</exec>
              <argument>${wf:actionData(&#39;SourceEnvironmentVars&#39;)[&#39;staging_dir&#39;]}</argument>
              <argument>${wf:actionData(&#39;SourceEnvironmentVars&#39;)[&#39;table_name&#39;]}</argument>
              <argument>${wf:actionData(&#39;SourceEnvironmentVars&#39;)[&#39;metadata_dir&#39;]}</argument>
              <argument>${wf:actionData(&#39;SourceEnvironmentVars&#39;)[&#39;schema_name&#39;]}</argument>
            <file>/user/dev/scripts/getSchema.sh#getSchema.sh</file>
        </shell>
        <ok to="CreateHiveTableExternalAvro"/>
        <error to="killemail"/>
    </action>
    <action name="CreateHiveTableExternalAvro" cred="">
        <hive xmlns="uri:oozie:hive-action:0.2">
            <job-tracker>${jobTracker}</job-tracker>
            <name-node>${nameNode}</name-node>
            <configuration>
                <property>
                    <name>oozie.action.sharelib.for.hive</name>
                    <value>hive2</value>
                </property>
                <property>
                    <name>oozie.launcher.action.main.class</name>
                    <value>org.apache.oozie.action.hadoop.Hive2Main</value>
                </property>
            </configuration>
            <script>/user/dev/scripts/createcars2.hql</script>
              <param>connectURL=${wf:actionData(&#39;SourceEnvironmentVars&#39;)[&#39;hive_connect_string&#39;]}</param>
              <param>tableName=${wf:actionData(&#39;SourceEnvironmentVars&#39;)[&#39;table_name&#39;]}</param>
              <param>schema=${wf:actionData(&#39;SourceEnvironmentVars&#39;)[&#39;metadata_dir&#39;]}/${wf:actionData(&#39;SourceEnvironmentVars&#39;)[&#39;schema_name&#39;]}</param>
              <param>stagingDir=${wf:actionData(&#39;SourceEnvironmentVars&#39;)[&#39;staging_dir&#39;]}/${wf:actionData(&#39;SourceEnvironmentVars&#39;)[&#39;table_name&#39;]}</param>
        </hive>
        <ok to="EmailSuccess"/>
        <error to="killemail"/>
    </action>
    <action name="EmailSuccess" cred="">
        <email xmlns="uri:oozie:email-action:0.1">
            <to>jlord@cloudera.com</to>
            <subject>Status of workflow ${wf:id()}</subject>
            <body>The workflow ${wf:id()} completed successfully</body>
        </email>
        <ok to="end"/>
        <error to="killemail"/>
    </action>
    <action name="killemail" cred="">
        <email xmlns="uri:oozie:email-action:0.1">
            <to>jlord@cloudera.com</to>
            <subject>Status of workflow ${wf:id()}</subject>
            <body>The workflow ${wf:id()} had issues and was killed.  The error message is: ${wf:errorMessage(wf:lastErrorNode())}</body>
        </email>
        <ok to="kill"/>
        <error to="kill"/>
    </action>
    <kill name="kill">
        <message>Action failed, error message[${wf:errorMessage(wf:lastErrorNode())}]</message>
    </kill>
    <end name="end"/>
</workflow-app>
