
<workflow-app name="initialize_tables" xmlns="uri:oozie:workflow:0.4">
    <start to="sourceEnvironmentVars"/>
    <action name="sourceEnvironmentVars" cred="">
        <shell xmlns="uri:oozie:shell-action:0.1">
            <job-tracker>${jobTracker}</job-tracker>
            <name-node>${nameNode}</name-node>
            <configuration>
                <property>
                    <name>table_name</name>
                    <value></value>
                </property>
            </configuration>
            <exec>common_env_azh.sh</exec>
              <argument>${table_name}</argument>
            <file>/user/dev/common_env_azh.sh#common_env_azh.sh</file>
              <capture-output/>
        </shell>
        <ok to="DeleteExistingSqoopJob"/>
        <error to="kill"/>
    </action>
    <action name="DeleteExistingSqoopJob" cred="">
        <sqoop xmlns="uri:oozie:sqoop-action:0.2">
            <job-tracker>${jobTracker}</job-tracker>
            <name-node>${nameNode}</name-node>
              <arg>job</arg>
              <arg>--meta-connect</arg>
              <arg>${wf:actionData(&#39;sourceEnvironmentVars&#39;)[&#39;sqoop_metastore&#39;]}</arg>
              <arg>--delete</arg>
              <arg>${wf:actionData(&#39;sourceEnvironmentVars&#39;)[&#39;job_name&#39;]}</arg>
        </sqoop>
        <ok to="DropHiveStagingTable"/>
        <error to="kill"/>
    </action>
    <action name="DropHiveStagingTable" cred="">
        <hive xmlns="uri:oozie:hive-action:0.2">
            <job-tracker>${jobTracker}</job-tracker>
            <name-node>${nameNode}</name-node>
            <configuration>
                <property>
                    <name>oozie.action.sharelib.for.hive</name>
                    <value>hive2</value>
                </property>
                <property>
                    <name>oozie.launcher.action.main.class</name>
                    <value>org.apache.oozie.action.hadoop.Hive2Main</value>
                </property>
            </configuration>
            <script>/user/dev/DropTable.hql</script>
              <param>connectURL=${wf:actionData(&#39;sourceEnvironmentVars&#39;)[&#39;hive_connect_string&#39;]}</param>
              <param>table_name=${wf:actionData(&#39;sourceEnvironmentVars&#39;)[&#39;staging_table&#39;]}</param>
              <param>db_name=${wf:actionData(&#39;sourceEnvironmentVars&#39;)[&#39;db_name&#39;]}</param>
        </hive>
        <ok to="DropHivePartitionTable"/>
        <error to="kill"/>
    </action>
    <action name="DropHivePartitionTable" cred="">
        <hive xmlns="uri:oozie:hive-action:0.2">
            <job-tracker>${jobTracker}</job-tracker>
            <name-node>${nameNode}</name-node>
            <configuration>
                <property>
                    <name>oozie.action.sharelib.for.hive</name>
                    <value>hive2</value>
                </property>
                <property>
                    <name>oozie.launcher.action.main.class</name>
                    <value>org.apache.oozie.action.hadoop.Hive2Main</value>
                </property>
            </configuration>
            <script>/user/dev/DropTable.hql</script>
              <param>connectURL=${wf:actionData(&#39;sourceEnvironmentVars&#39;)[&#39;hive_connect_string&#39;]}</param>
              <param>table_name=${wf:actionData(&#39;sourceEnvironmentVars&#39;)[&#39;partitioned_table&#39;]}</param>
              <param>db_name=${wf:actionData(&#39;sourceEnvironmentVars&#39;)[&#39;db_name&#39;]}</param>
        </hive>
        <ok to="CleanDirectories"/>
        <error to="kill"/>
    </action>
    <action name="CleanDirectories" cred="">
        <fs>
              <delete path='${nameNode}/${wf:actionData(&#39;sourceEnvironmentVars&#39;)[&#39;metadata_dir&#39;]}/${wf:actionData(&#39;sourceEnvironmentVars&#39;)[&#39;schema_name&#39;]}'/>
              <delete path='${nameNode}/${wf:actionData(&#39;sourceEnvironmentVars&#39;)[&#39;top_dir&#39;]}/${wf:actionData(&#39;sourceEnvironmentVars&#39;)[&#39;partitioned_table&#39;]}'/>
              <delete path='${nameNode}/${wf:actionData(&#39;sourceEnvironmentVars&#39;)[&#39;staging_dir&#39;]}/${table_name}'/>
        </fs>
        <ok to="CreateSqoopJob"/>
        <error to="kill"/>
    </action>
    <action name="CreateSqoopJob" cred="">
        <sqoop xmlns="uri:oozie:sqoop-action:0.2">
            <job-tracker>${jobTracker}</job-tracker>
            <name-node>${nameNode}</name-node>
              <arg>job</arg>
              <arg>--create</arg>
              <arg>${wf:actionData(&#39;sourceEnvironmentVars&#39;)[&#39;job_name&#39;]}</arg>
              <arg>--meta-connect</arg>
              <arg>${wf:actionData(&#39;sourceEnvironmentVars&#39;)[&#39;sqoop_metastore&#39;]}</arg>
              <arg>--</arg>
              <arg>import</arg>
              <arg>--connect</arg>
              <arg>${wf:actionData(&#39;sourceEnvironmentVars&#39;)[&#39;connect_string&#39;]}</arg>
              <arg>--username</arg>
              <arg>${wf:actionData(&#39;sourceEnvironmentVars&#39;)[&#39;user_name&#39;]}</arg>
              <arg>--password-file</arg>
              <arg>${wf:actionData(&#39;sourceEnvironmentVars&#39;)[&#39;password_file&#39;]}</arg>
              <arg>--table</arg>
              <arg>${table_name}</arg>
              <arg>-m</arg>
              <arg>${wf:actionData(&#39;sourceEnvironmentVars&#39;)[&#39;mappers&#39;]}</arg>
              <arg>--incremental</arg>
              <arg>append</arg>
              <arg>--check-column</arg>
              <arg>year</arg>
              <arg>--as-avrodatafile</arg>
              <arg>--warehouse-dir</arg>
              <arg>${wf:actionData(&#39;sourceEnvironmentVars&#39;)[&#39;staging_dir&#39;]}</arg>
        </sqoop>
        <ok to="ExecuteSqoopJob"/>
        <error to="kill"/>
    </action>
    <action name="ExecuteSqoopJob" cred="">
        <sqoop xmlns="uri:oozie:sqoop-action:0.2">
            <job-tracker>${jobTracker}</job-tracker>
            <name-node>${nameNode}</name-node>
              <arg>job</arg>
              <arg>--meta-connect</arg>
              <arg>${wf:actionData(&#39;sourceEnvironmentVars&#39;)[&#39;sqoop_metastore&#39;]}</arg>
              <arg>--exec</arg>
              <arg>${wf:actionData(&#39;sourceEnvironmentVars&#39;)[&#39;job_name&#39;]}</arg>
        </sqoop>
        <ok to="RetrieveSchema"/>
        <error to="kill"/>
    </action>
    <action name="RetrieveSchema" cred="">
        <shell xmlns="uri:oozie:shell-action:0.1">
            <job-tracker>${jobTracker}</job-tracker>
            <name-node>${nameNode}</name-node>
            <exec>getSchema.sh</exec>
              <argument>${wf:actionData(&#39;sourceEnvironmentVars&#39;)[&#39;staging_dir&#39;]}</argument>
              <argument>${table_name}</argument>
              <argument>${wf:actionData(&#39;sourceEnvironmentVars&#39;)[&#39;metadata_dir&#39;]}</argument>
              <argument>${wf:actionData(&#39;sourceEnvironmentVars&#39;)[&#39;schema_name&#39;]}</argument>
            <file>/user/dev/getSchema.sh#getSchema.sh</file>
              <capture-output/>
        </shell>
        <ok to="StagingTableHiveDDL-Python"/>
        <error to="kill"/>
    </action>
    <action name="StagingTableHiveDDL-Python" cred="">
        <shell xmlns="uri:oozie:shell-action:0.1">
            <job-tracker>${jobTracker}</job-tracker>
            <name-node>${nameNode}</name-node>
            <exec>gen_create_tbl.py</exec>
              <argument>${wf:actionData(&#39;sourceEnvironmentVars&#39;)[&#39;staging_table&#39;]}</argument>
              <argument>${wf:actionData(&#39;sourceEnvironmentVars&#39;)[&#39;staging_dir&#39;]}/${table_name}</argument>
              <argument>${wf:actionData(&#39;sourceEnvironmentVars&#39;)[&#39;metadata_dir&#39;]}/${wf:actionData(&#39;sourceEnvironmentVars&#39;)[&#39;schema_name&#39;]}</argument>
            <file>/user/dev/gen_create_tbl.py#gen_create_tbl.py</file>
              <capture-output/>
        </shell>
        <ok to="CreateHiveStagingTable"/>
        <error to="kill"/>
    </action>
    <action name="CreateHiveStagingTable" cred="">
        <hive xmlns="uri:oozie:hive-action:0.2">
            <job-tracker>${jobTracker}</job-tracker>
            <name-node>${nameNode}</name-node>
            <configuration>
                <property>
                    <name>oozie.action.sharelib.for.hive</name>
                    <value>hive2</value>
                </property>
                <property>
                    <name>oozie.launcher.action.main.class</name>
                    <value>org.apache.oozie.action.hadoop.Hive2Main</value>
                </property>
            </configuration>
            <script>/user/dev/hiveString.hql</script>
              <param>connectURL=${wf:actionData(&#39;sourceEnvironmentVars&#39;)[&#39;hive_connect_string&#39;]}</param>
              <param>TBL_STR=${wf:actionData(&#39;StagingTableHiveDDL-Python&#39;)[&#39;TBL_STR&#39;]}</param>
        </hive>
        <ok to="PartitionTableHiveDDL-Python"/>
        <error to="kill"/>
    </action>
    <action name="PartitionTableHiveDDL-Python" cred="">
        <shell xmlns="uri:oozie:shell-action:0.1">
            <job-tracker>${jobTracker}</job-tracker>
            <name-node>${nameNode}</name-node>
            <exec>gen_create_tbl.py</exec>
              <argument>${wf:actionData(&#39;sourceEnvironmentVars&#39;)[&#39;partitioned_table&#39;]}</argument>
              <argument>${wf:actionData(&#39;sourceEnvironmentVars&#39;)[&#39;top_dir&#39;]}/${wf:actionData(&#39;sourceEnvironmentVars&#39;)[&#39;partitioned_table&#39;]}</argument>
              <argument>${wf:actionData(&#39;sourceEnvironmentVars&#39;)[&#39;metadata_dir&#39;]}/${wf:actionData(&#39;sourceEnvironmentVars&#39;)[&#39;schema_name&#39;]}</argument>
              <argument>--partitions</argument>
              <argument>(yearp int, month int)</argument>
            <file>/user/dev/gen_create_tbl.py#gen_create_tbl.py</file>
              <capture-output/>
        </shell>
        <ok to="CreateHivePartitionTable"/>
        <error to="kill"/>
    </action>
    <action name="CreateHivePartitionTable" cred="">
        <hive xmlns="uri:oozie:hive-action:0.2">
            <job-tracker>${jobTracker}</job-tracker>
            <name-node>${nameNode}</name-node>
            <configuration>
                <property>
                    <name>oozie.action.sharelib.for.hive</name>
                    <value>hive2</value>
                </property>
                <property>
                    <name>oozie.launcher.action.main.class</name>
                    <value>org.apache.oozie.action.hadoop.Hive2Main</value>
                </property>
            </configuration>
            <script>/user/dev/hiveString.hql</script>
              <param>connectURL=${wf:actionData(&#39;sourceEnvironmentVars&#39;)[&#39;hive_connect_string&#39;]}</param>
              <param>TBL_STR=${wf:actionData(&#39;PartitionTableHiveDDL-Python&#39;)[&#39;TBL_STR&#39;]}</param>
        </hive>
        <ok to="MoveToPartitionTable"/>
        <error to="kill"/>
    </action>
    <action name="MoveToPartitionTable" cred="">
        <hive xmlns="uri:oozie:hive-action:0.2">
            <job-tracker>${jobTracker}</job-tracker>
            <name-node>${nameNode}</name-node>
            <configuration>
                <property>
                    <name>oozie.action.sharelib.for.hive</name>
                    <value>hive2</value>
                </property>
                <property>
                    <name>oozie.launcher.action.main.class</name>
                    <value>org.apache.oozie.action.hadoop.Hive2Main</value>
                </property>
            </configuration>
            <script>/user/dev/MoveToPartitionTable.hql</script>
              <param>connectURL=${wf:actionData(&#39;sourceEnvironmentVars&#39;)[&#39;hive_connect_string&#39;]}</param>
              <param>staging_table=${wf:actionData(&#39;sourceEnvironmentVars&#39;)[&#39;staging_table&#39;]}</param>
              <param>partitioned_table=${wf:actionData(&#39;sourceEnvironmentVars&#39;)[&#39;partitioned_table&#39;]}</param>
              <param>partition_column=${wf:actionData(&#39;sourceEnvironmentVars&#39;)[&#39;partition_column&#39;]}</param>
        </hive>
        <ok to="end"/>
        <error to="kill"/>
    </action>
    <kill name="kill">
        <message>Action failed, error message[${wf:errorMessage(wf:lastErrorNode())}]</message>
    </kill>
    <end name="end"/>
</workflow-app>
